{
    "annotations": {
        "list": [

        ]
    },
    "editable": false,
    "gnetid": null,
    "graphtooltip": 0,
    "hidecontrols": false,
    "id": null,
    "links": [

    ],
    "refresh": "",
    "rows": [
        {
            "collapse": false,
            "collapsed": false,
            "height": "250px",
            "panels": [
                {
                    "aliascolors": {

                    },
                    "bars": false,
                    "dashlength": 10,
                    "dashes": false,
                    "datasource": "$datasource",
                    "fill": 1,
                    "gridpos": {

                    },
                    "id": 2,
                    "legend": {
                        "alignastable": false,
                        "avg": false,
                        "current": false,
                        "max": false,
                        "min": false,
                        "rightside": false,
                        "show": true,
                        "total": false,
                        "values": false
                    },
                    "lines": true,
                    "linewidth": 1,
                    "nullpointmode": "null",
                    "percentage": false,
                    "pointradius": 5,
                    "points": false,
                    "renderer": "flot",
                    "repeat": null,
                    "seriesoverrides": [

                    ],
                    "spacelength": 10,
                    "span": 6,
                    "stack": false,
                    "steppedline": false,
                    "targets": [
                        {
                            "expr": "vector(1)",
                            "format": "time_series",
                            "intervalfactor": 2,
                            "legendformat": "",
                            "refid": "a"
                        }
                    ],
                    "thresholds": [

                    ],
                    "timefrom": null,
                    "timeshift": null,
                    "title": "my panel",
                    "tooltip": {
                        "shared": true,
                        "sort": 0,
                        "value_type": "individual"
                    },
                    "type": "graph",
                    "xaxis": {
                        "buckets": null,
                        "mode": "time",
                        "name": null,
                        "show": true,
                        "values": [

                        ]
                    },
                    "yaxes": [
                        {
                            "format": "short",
                            "label": null,
                            "logbase": 1,
                            "max": null,
                            "min": null,
                            "show": true
                        },
                        {
                            "format": "short",
                            "label": null,
                            "logbase": 1,
                            "max": null,
                            "min": null,
                            "show": true
                        }
                    ]
                }
            ],
            "repeat": null,
            "repeatiteration": null,
            "repeatrowid": null,
            "showtitle": false,
            "title": "dashboard row",
            "titlesize": "h6",
            "type": "row"
        }
    ],
    "schemaversion": 14,
    "style": "dark",
    "tags": [

    ],
    "templating": {
        "list": [
            {
                "current": {
                    "text": "prometheus",
                    "value": "prometheus"
                },
                "hide": 0,
                "label": null,
                "name": "datasource",
                "options": [

                ],
                "query": "prometheus",
                "refresh": 1,
                "regex": "",
                "type": "datasource"
            }
        ]
    },
    "time": {
        "from": "now-6h",
        "to": "now"
    },
    "timepicker": {
        "refresh_intervals": [
            "5s",
            "10s",
            "30s",
            "1m",
            "5m",
            "15m",
            "30m",
            "1h",
            "2h",
            "1d"
        ],
        "time_options": [
            "5m",
            "15m",
            "1h",
            "6h",
            "12h",
            "24h",
            "2d",
            "7d",
            "30d"
        ]
    },
    "timezone": "browser",
    "title": "my dashboard",
    "version": 0
}
