{
  "__inputs": [],
  "__requires": [
    {
      "type": "grafana",
      "id": "grafana",
      "name": "Grafana",
      "version": "6.6.0"
    },
    {
      "type": "panel",
      "id": "graph",
      "name": "Graph",
      "version": ""
    },
    {
      "type": "datasource",
      "id": "prometheus",
      "name": "Prometheus",
      "version": "1.0.0"
    },
    {
      "type": "panel",
      "id": "singlestat",
      "name": "Singlestat",
      "version": ""
    },
    {
      "type": "panel",
      "id": "table",
      "name": "Table",
      "version": ""
    }
  ],
  "annotations": {
    "list": [
      {
        "builtIn": 1,
        "datasource": "-- Grafana --",
        "enable": true,
        "hide": true,
        "iconColor": "rgba(0, 211, 255, 1)",
        "name": "Annotations & Alerts",
        "type": "dashboard"
      }
    ]
  },
  "description": "WeaveNet metrics at the cluster level.  It was made on top of the weave-net prometheus metrics. Please check this for more details https://www.weave.works/docs/net/latest/tasks/manage/metrics",
  "editable": true,
  "gnetId": null,
  "graphTooltip": 0,
  "id": null,
  "iteration": 1582990339310,
  "links": [],
  "panels": [
    {
      "collapsed": false,
      "datasource": null,
      "gridPos": {
        "h": 1,
        "w": 24,
        "x": 0,
        "y": 0
      },
      "id": 20,
      "panels": [],
      "repeat": null,
      "title": "Headlines",
      "type": "row"
    },
    {
      "aliasColors": {},
      "bars": false,
      "cacheTimeout": null,
      "colorBackground": false,
      "colorPostfix": false,
      "colorPrefix": false,
      "colorValue": false,
      "colors": [
        "#d44a3a",
        "rgba(237, 129, 40, 0.89)",
        "#299c46"
      ],
      "dashLength": 10,
      "dashes": false,
      "datasource": "$datasource",
      "fill": 1,
      "format": "short",
      "gauge": {
        "maxValue": 100,
        "minValue": 0,
        "show": false,
        "thresholdLabels": false,
        "thresholdMarkers": true
      },
      "gridPos": {
        "h": 3,
        "w": 4,
        "x": 0,
        "y": 1
      },
      "id": 56,
      "interval": null,
      "legend": {
        "avg": false,
        "current": false,
        "max": false,
        "min": false,
        "show": true,
        "total": false,
        "values": false
      },
      "lines": true,
      "linewidth": 1,
      "links": [],
      "mappingType": 1,
      "mappingTypes": [
        {
          "name": "value to text",
          "value": 1
        },
        {
          "name": "range to text",
          "value": 2
        }
      ],
      "maxDataPoints": 100,
      "nullPointMode": "null as zero",
      "nullText": null,
      "options": {},
      "percentage": false,
      "pointradius": 5,
      "points": false,
      "postfix": "",
      "postfixFontSize": "50%",
      "prefix": "",
      "prefixFontSize": "50%",
      "rangeMaps": [
        {
          "from": "null",
          "text": "N/A",
          "to": "null"
        }
      ],
      "renderer": "flot",
      "seriesOverrides": [],
      "spaceLength": 10,
      "sparkline": {
        "fillColor": "rgba(31, 118, 189, 0.18)",
        "full": false,
        "lineColor": "rgb(31, 120, 193)",
        "show": false,
        "ymax": null,
        "ymin": null
      },
      "stack": false,
      "steppedLine": false,
      "tableColumn": "",
      "targets": [
        {
          "expr": "sum(weave_flows)",
          "format": "time_series",
          "hide": false,
          "instant": true,
          "intervalFactor": 2,
          "refId": "A"
        }
      ],
      "thresholds": "1",
      "timeFrom": null,
      "timeShift": null,
      "title": "Fast DP flows",
      "tooltip": {
        "shared": false,
        "sort": 0,
        "value_type": "individual"
      },
      "type": "singlestat",
      "valueFontSize": "80%",
      "valueMaps": [
        {
          "op": "=",
          "text": "N/A",
          "value": "null"
        }
      ],
      "valueName": "avg",
      "xaxis": {
        "buckets": null,
        "mode": "time",
        "name": null,
        "show": true,
        "values": []
      },
      "yaxes": [
        {
          "format": "short",
          "label": null,
          "logBase": 1,
          "max": null,
          "min": 0,
          "show": true
        },
        {
          "format": "short",
          "label": null,
          "logBase": 1,
          "max": null,
          "min": null,
          "show": false
        }
      ]
    },
    {
      "aliasColors": {},
      "bars": false,
      "cacheTimeout": null,
      "colorBackground": false,
      "colorValue": true,
      "colors": [
        "#299c46",
        "#FADE2A",
        "#d44a3a"
      ],
      "dashLength": 10,
      "dashes": false,
      "datasource": "$datasource",
      "fill": 1,
      "format": "short",
      "gauge": {
        "maxValue": 100,
        "minValue": 0,
        "show": false,
        "thresholdLabels": false,
        "thresholdMarkers": true
      },
      "gridPos": {
        "h": 3,
        "w": 4,
        "x": 4,
        "y": 1
      },
      "id": 5,
      "interval": null,
      "legend": {
        "avg": false,
        "current": false,
        "max": false,
        "min": false,
        "show": true,
        "total": false,
        "values": false
      },
      "lines": true,
      "linewidth": 1,
      "links": [],
      "mappingType": 1,
      "mappingTypes": [
        {
          "name": "value to text",
          "value": 1
        },
        {
          "name": "range to text",
          "value": 2
        }
      ],
      "maxDataPoints": 100,
      "nullPointMode": "null as zero",
      "nullText": null,
      "options": {},
      "percentage": false,
      "pointradius": 5,
      "points": false,
      "postfix": "",
      "postfixFontSize": "50%",
      "prefix": "",
      "prefixFontSize": "50%",
      "rangeMaps": [
        {
          "from": "null",
          "text": "N/A",
          "to": "null"
        }
      ],
      "renderer": "flot",
      "seriesOverrides": [],
      "spaceLength": 10,
      "sparkline": {
        "fillColor": "rgba(31, 118, 189, 0.18)",
        "full": false,
        "lineColor": "rgb(31, 120, 193)",
        "show": false,
        "ymax": null,
        "ymin": null
      },
      "stack": false,
      "steppedLine": false,
      "tableColumn": "",
      "targets": [
        {
          "expr": "sum(weave_flows == bool 0)",
          "format": "time_series",
          "hide": false,
          "instant": true,
          "intervalFactor": 2,
          "refId": "A"
        }
      ],
      "thresholds": "1,2",
      "timeFrom": null,
      "timeShift": null,
      "title": "Fast DP off",
      "tooltip": {
        "shared": false,
        "sort": 0,
        "value_type": "individual"
      },
      "type": "singlestat",
      "valueFontSize": "80%",
      "valueMaps": [
        {
          "op": "=",
          "text": "N/A",
          "value": "null"
        }
      ],
      "valueName": "avg",
      "xaxis": {
        "buckets": null,
        "mode": "time",
        "name": null,
        "show": true,
        "values": []
      },
      "yaxes": [
        {
          "format": "short",
          "label": null,
          "logBase": 1,
          "max": null,
          "min": 0,
          "show": true
        },
        {
          "format": "short",
          "label": null,
          "logBase": 1,
          "max": null,
          "min": null,
          "show": false
        }
      ]
    },
    {
      "aliasColors": {},
      "bars": false,
      "cacheTimeout": null,
      "colorBackground": false,
      "colorValue": true,
      "colors": [
        "#299c46",
        "rgba(237, 129, 40, 0.89)",
        "#d44a3a"
      ],
      "dashLength": 10,
      "dashes": false,
      "datasource": "$datasource",
      "fill": 1,
      "format": "short",
      "gauge": {
        "maxValue": 100,
        "minValue": 0,
        "show": false,
        "thresholdLabels": false,
        "thresholdMarkers": true
      },
      "gridPos": {
        "h": 3,
        "w": 4,
        "x": 8,
        "y": 1
      },
      "id": 3,
      "interval": null,
      "legend": {
        "avg": false,
        "current": false,
        "max": false,
        "min": false,
        "show": true,
        "total": false,
        "values": false
      },
      "lines": true,
      "linewidth": 1,
      "links": [],
      "mappingType": 1,
      "mappingTypes": [
        {
          "name": "value to text",
          "value": 1
        },
        {
          "name": "range to text",
          "value": 2
        }
      ],
      "maxDataPoints": 100,
      "nullPointMode": "null as zero",
      "nullText": null,
      "options": {},
      "percentage": false,
      "pointradius": 5,
      "points": false,
      "postfix": "",
      "postfixFontSize": "50%",
      "prefix": "",
      "prefixFontSize": "50%",
      "rangeMaps": [
        {
          "from": "null",
          "text": "N/A",
          "to": "null"
        }
      ],
      "renderer": "flot",
      "seriesOverrides": [],
      "spaceLength": 10,
      "sparkline": {
        "fillColor": "rgba(31, 118, 189, 0.18)",
        "full": false,
        "lineColor": "rgb(31, 120, 193)",
        "show": false,
        "ymax": null,
        "ymin": null
      },
      "stack": false,
      "steppedLine": false,
      "tableColumn": "",
      "targets": [
        {
          "expr": "sum(weave_ipam_pending_allocates)",
          "format": "time_series",
          "hide": false,
          "instant": true,
          "intervalFactor": 2,
          "refId": "A"
        }
      ],
      "thresholds": "1,10",
      "timeFrom": null,
      "timeShift": null,
      "title": "IPAM Pending Allocates",
      "tooltip": {
        "shared": false,
        "sort": 0,
        "value_type": "individual"
      },
      "type": "singlestat",
      "valueFontSize": "80%",
      "valueMaps": [
        {
          "op": "=",
          "text": "N/A",
          "value": "null"
        }
      ],
      "valueName": "avg",
      "xaxis": {
        "buckets": null,
        "mode": "time",
        "name": null,
        "show": true,
        "values": []
      },
      "yaxes": [
        {
          "format": "short",
          "label": null,
          "logBase": 1,
          "max": null,
          "min": 0,
          "show": true
        },
        {
          "format": "short",
          "label": null,
          "logBase": 1,
          "max": null,
          "min": null,
          "show": false
        }
      ]
    },
    {
      "aliasColors": {},
      "bars": false,
      "cacheTimeout": null,
      "colorBackground": false,
      "colorValue": true,
      "colors": [
        "#299c46",
        "rgba(237, 129, 40, 0.89)",
        "#d44a3a"
      ],
      "dashLength": 10,
      "dashes": false,
      "datasource": "$datasource",
      "fill": 1,
      "format": "short",
      "gauge": {
        "maxValue": 100,
        "minValue": 0,
        "show": false,
        "thresholdLabels": false,
        "thresholdMarkers": true
      },
      "gridPos": {
        "h": 3,
        "w": 4,
        "x": 12,
        "y": 1
      },
      "id": 4,
      "interval": null,
      "legend": {
        "avg": false,
        "current": false,
        "max": false,
        "min": false,
        "show": true,
        "total": false,
        "values": false
      },
      "lines": true,
      "linewidth": 1,
      "links": [],
      "mappingType": 1,
      "mappingTypes": [
        {
          "name": "value to text",
          "value": 1
        },
        {
          "name": "range to text",
          "value": 2
        }
      ],
      "maxDataPoints": 100,
      "nullPointMode": "null as zero",
      "nullText": null,
      "options": {},
      "percentage": false,
      "pointradius": 5,
      "points": false,
      "postfix": "",
      "postfixFontSize": "50%",
      "prefix": "",
      "prefixFontSize": "50%",
      "rangeMaps": [
        {
          "from": "null",
          "text": "N/A",
          "to": "null"
        }
      ],
      "renderer": "flot",
      "seriesOverrides": [],
      "spaceLength": 10,
      "sparkline": {
        "fillColor": "rgba(31, 118, 189, 0.18)",
        "full": false,
        "lineColor": "rgb(31, 120, 193)",
        "show": false,
        "ymax": null,
        "ymin": null
      },
      "stack": false,
      "steppedLine": false,
      "tableColumn": "",
      "targets": [
        {
          "expr": "sum(weave_ipam_pending_claims)",
          "format": "time_series",
          "hide": false,
          "instant": true,
          "intervalFactor": 2,
          "refId": "A"
        }
      ],
      "thresholds": "1,10",
      "timeFrom": null,
      "timeShift": null,
      "title": "IPAM Pending Claims",
      "tooltip": {
        "shared": false,
        "sort": 0,
        "value_type": "individual"
      },
      "type": "singlestat",
      "valueFontSize": "80%",
      "valueMaps": [
        {
          "op": "=",
          "text": "N/A",
          "value": "null"
        }
      ],
      "valueName": "avg",
      "xaxis": {
        "buckets": null,
        "mode": "time",
        "name": null,
        "show": true,
        "values": []
      },
      "yaxes": [
        {
          "format": "short",
          "label": null,
          "logBase": 1,
          "max": null,
          "min": 0,
          "show": true
        },
        {
          "format": "short",
          "label": null,
          "logBase": 1,
          "max": null,
          "min": null,
          "show": false
        }
      ]
    },
    {
      "aliasColors": {},
      "bars": false,
      "cacheTimeout": null,
      "colorBackground": false,
      "colorValue": true,
      "colors": [
        "#299c46",
        "rgba(237, 129, 40, 0.89)",
        "#d44a3a"
      ],
      "dashLength": 10,
      "dashes": false,
      "datasource": "$datasource",
      "fill": 1,
      "format": "cpm",
      "gauge": {
        "maxValue": 100,
        "minValue": 0,
        "show": false,
        "thresholdLabels": false,
        "thresholdMarkers": true
      },
      "gridPos": {
        "h": 3,
        "w": 4,
        "x": 16,
        "y": 1
      },
      "id": 61,
      "interval": null,
      "legend": {
        "avg": false,
        "current": false,
        "max": false,
        "min": false,
        "show": true,
        "total": false,
        "values": false
      },
      "lines": true,
      "linewidth": 1,
      "links": [],
      "mappingType": 1,
      "mappingTypes": [
        {
          "name": "value to text",
          "value": 1
        },
        {
          "name": "range to text",
          "value": 2
        }
      ],
      "maxDataPoints": 100,
      "nullPointMode": "null as zero",
      "nullText": null,
      "options": {},
      "percentage": false,
      "pointradius": 5,
      "points": false,
      "postfix": "",
      "postfixFontSize": "50%",
      "prefix": "",
      "prefixFontSize": "50%",
      "rangeMaps": [
        {
          "from": "null",
          "text": "N/A",
          "to": "null"
        }
      ],
      "renderer": "flot",
      "seriesOverrides": [],
      "spaceLength": 10,
      "sparkline": {
        "fillColor": "rgba(31, 118, 189, 0.18)",
        "full": false,
        "lineColor": "rgb(31, 120, 193)",
        "show": false,
        "ymax": null,
        "ymin": null
      },
      "stack": false,
      "steppedLine": false,
      "tableColumn": "",
      "targets": [
        {
          "expr": "sum(increase(weave_connection_terminations_total[1m]))",
          "format": "time_series",
          "hide": false,
          "instant": true,
          "intervalFactor": 2,
          "refId": "A"
        }
      ],
      "thresholds": "1",
      "timeFrom": null,
      "timeShift": null,
      "title": "Terminations",
      "tooltip": {
        "shared": false,
        "sort": 0,
        "value_type": "individual"
      },
      "type": "singlestat",
      "valueFontSize": "80%",
      "valueMaps": [
        {
          "op": "=",
          "text": "N/A",
          "value": "null"
        }
      ],
      "valueName": "avg",
      "xaxis": {
        "buckets": null,
        "mode": "time",
        "name": null,
        "show": true,
        "values": []
      },
      "yaxes": [
        {
          "format": "short",
          "label": null,
          "logBase": 1,
          "max": null,
          "min": 0,
          "show": true
        },
        {
          "format": "short",
          "label": null,
          "logBase": 1,
          "max": null,
          "min": null,
          "show": false
        }
      ]
    },
    {
      "aliasColors": {},
      "bars": false,
      "cacheTimeout": null,
      "colorBackground": false,
      "colorValue": false,
      "colors": [
        "#299c46",
        "rgba(237, 129, 40, 0.89)",
        "#d44a3a"
      ],
      "dashLength": 10,
      "dashes": false,
      "datasource": "$datasource",
      "fill": 1,
      "format": "short",
      "gauge": {
        "maxValue": 100,
        "minValue": 0,
        "show": false,
        "thresholdLabels": false,
        "thresholdMarkers": true
      },
      "gridPos": {
        "h": 3,
        "w": 4,
        "x": 20,
        "y": 1
      },
      "id": 1,
      "interval": null,
      "legend": {
        "avg": false,
        "current": false,
        "max": false,
        "min": false,
        "show": true,
        "total": false,
        "values": false
      },
      "lines": true,
      "linewidth": 1,
      "links": [],
      "mappingType": 1,
      "mappingTypes": [
        {
          "name": "value to text",
          "value": 1
        },
        {
          "name": "range to text",
          "value": 2
        }
      ],
      "maxDataPoints": 100,
      "nullPointMode": "null as zero",
      "nullText": null,
      "options": {},
      "percentage": false,
      "pointradius": 5,
      "points": false,
      "postfix": "",
      "postfixFontSize": "50%",
      "prefix": "",
      "prefixFontSize": "50%",
      "rangeMaps": [
        {
          "from": "null",
          "text": "N/A",
          "to": "null"
        }
      ],
      "renderer": "flot",
      "seriesOverrides": [],
      "spaceLength": 10,
      "sparkline": {
        "fillColor": "rgba(31, 118, 189, 0.18)",
        "full": false,
        "lineColor": "rgb(31, 120, 193)",
        "show": false,
        "ymax": null,
        "ymin": null
      },
      "stack": false,
      "steppedLine": false,
      "tableColumn": "",
      "targets": [
        {
          "expr": "count(central_nodeagent:node_route_unhealthy_count)",
          "format": "time_series",
          "hide": false,
          "instant": true,
          "intervalFactor": 2,
          "refId": "A"
        }
      ],
      "thresholds": "70,80",
      "timeFrom": null,
      "timeShift": null,
      "title": "Weave Pods",
      "tooltip": {
        "shared": false,
        "sort": 0,
        "value_type": "individual"
      },
      "type": "singlestat",
      "valueFontSize": "80%",
      "valueMaps": [
        {
          "op": "=",
          "text": "N/A",
          "value": "null"
        }
      ],
      "valueName": "avg",
      "xaxis": {
        "buckets": null,
        "mode": "time",
        "name": null,
        "show": true,
        "values": []
      },
      "yaxes": [
        {
          "format": "short",
          "label": null,
          "logBase": 1,
          "max": null,
          "min": 0,
          "show": true
        },
        {
          "format": "short",
          "label": null,
          "logBase": 1,
          "max": null,
          "min": null,
          "show": false
        }
      ]
    },
    {
      "aliasColors": {},
      "bars": false,
      "cacheTimeout": null,
      "colorBackground": false,
      "colorPostfix": false,
      "colorValue": false,
      "colors": [
        "#d44a3a",
        "rgba(237, 129, 40, 0.89)",
        "#5794F2"
      ],
      "dashLength": 10,
      "dashes": false,
      "datasource": "$datasource",
      "fill": 1,
      "format": "short",
      "gauge": {
        "maxValue": 100,
        "minValue": 0,
        "show": false,
        "thresholdLabels": false,
        "thresholdMarkers": true
      },
      "gridPos": {
        "h": 3,
        "w": 4,
        "x": 0,
        "y": 4
      },
      "id": 57,
      "interval": null,
      "legend": {
        "avg": false,
        "current": false,
        "max": false,
        "min": false,
        "show": true,
        "total": false,
        "values": false
      },
      "lines": true,
      "linewidth": 1,
      "links": [],
      "mappingType": 1,
      "mappingTypes": [
        {
          "name": "value to text",
          "value": 1
        },
        {
          "name": "range to text",
          "value": 2
        }
      ],
      "maxDataPoints": 100,
      "nullPointMode": "null as zero",
      "nullText": null,
      "options": {},
      "percentage": false,
      "pointradius": 5,
      "points": false,
      "postfix": "",
      "postfixFontSize": "50%",
      "prefix": "",
      "prefixFontSize": "50%",
      "rangeMaps": [
        {
          "from": "null",
          "text": "N/A",
          "to": "null"
        }
      ],
      "renderer": "flot",
      "seriesOverrides": [],
      "spaceLength": 10,
      "sparkline": {
        "fillColor": "rgba(31, 118, 189, 0.18)",
        "full": false,
        "lineColor": "rgb(31, 120, 193)",
        "show": false,
        "ymax": null,
        "ymin": null
      },
      "stack": false,
      "steppedLine": false,
      "tableColumn": "",
      "targets": [
        {
          "expr": "sum(weave_connections{state=\"established\"})",
          "format": "time_series",
          "hide": false,
          "instant": true,
          "intervalFactor": 2,
          "refId": "A"
        }
      ],
      "thresholds": "1,",
      "timeFrom": null,
      "timeShift": null,
      "title": "P2P Established",
      "tooltip": {
        "shared": false,
        "sort": 0,
        "value_type": "individual"
      },
      "type": "singlestat",
      "valueFontSize": "80%",
      "valueMaps": [
        {
          "op": "=",
          "text": "N/A",
          "value": "null"
        }
      ],
      "valueName": "avg",
      "xaxis": {
        "buckets": null,
        "mode": "time",
        "name": null,
        "show": true,
        "values": []
      },
      "yaxes": [
        {
          "format": "short",
          "label": null,
          "logBase": 1,
          "max": null,
          "min": 0,
          "show": true
        },
        {
          "format": "short",
          "label": null,
          "logBase": 1,
          "max": null,
          "min": null,
          "show": false
        }
      ]
    },
    {
      "aliasColors": {},
      "bars": false,
      "cacheTimeout": null,
      "colorBackground": false,
      "colorValue": true,
      "colors": [
        "#299c46",
        "rgba(237, 129, 40, 0.89)",
        "#d44a3a"
      ],
      "dashLength": 10,
      "dashes": false,
      "datasource": "$datasource",
      "fill": 1,
      "format": "short",
      "gauge": {
        "maxValue": 100,
        "minValue": 0,
        "show": false,
        "thresholdLabels": false,
        "thresholdMarkers": true
      },
      "gridPos": {
        "h": 3,
        "w": 4,
        "x": 4,
        "y": 4
      },
      "id": 62,
      "interval": null,
      "legend": {
        "avg": false,
        "current": false,
        "max": false,
        "min": false,
        "show": true,
        "total": false,
        "values": false
      },
      "lines": true,
      "linewidth": 1,
      "links": [],
      "mappingType": 1,
      "mappingTypes": [
        {
          "name": "value to text",
          "value": 1
        },
        {
          "name": "range to text",
          "value": 2
        }
      ],
      "maxDataPoints": 100,
      "nullPointMode": "null as zero",
      "nullText": null,
      "options": {},
      "percentage": false,
      "pointradius": 5,
      "points": false,
      "postfix": "",
      "postfixFontSize": "50%",
      "prefix": "",
      "prefixFontSize": "50%",
      "rangeMaps": [
        {
          "from": "null",
          "text": "N/A",
          "to": "null"
        }
      ],
      "renderer": "flot",
      "seriesOverrides": [],
      "spaceLength": 10,
      "sparkline": {
        "fillColor": "rgba(31, 118, 189, 0.18)",
        "full": false,
        "lineColor": "rgb(31, 120, 193)",
        "show": false,
        "ymax": null,
        "ymin": null
      },
      "stack": false,
      "steppedLine": false,
      "tableColumn": "",
      "targets": [
        {
          "expr": "sum(weave_connections{state=\"connecting\"})",
          "format": "time_series",
          "hide": false,
          "instant": true,
          "intervalFactor": 2,
          "refId": "A"
        }
      ],
      "thresholds": "1,10",
      "timeFrom": null,
      "timeShift": null,
      "title": "P2P Connecting",
      "tooltip": {
        "shared": false,
        "sort": 0,
        "value_type": "individual"
      },
      "type": "singlestat",
      "valueFontSize": "80%",
      "valueMaps": [
        {
          "op": "=",
          "text": "N/A",
          "value": "null"
        }
      ],
      "valueName": "avg",
      "xaxis": {
        "buckets": null,
        "mode": "time",
        "name": null,
        "show": true,
        "values": []
      },
      "yaxes": [
        {
          "format": "short",
          "label": null,
          "logBase": 1,
          "max": null,
          "min": 0,
          "show": true
        },
        {
          "format": "short",
          "label": null,
          "logBase": 1,
          "max": null,
          "min": null,
          "show": false
        }
      ]
    },
    {
      "aliasColors": {},
      "bars": false,
      "cacheTimeout": null,
      "colorBackground": false,
      "colorValue": true,
      "colors": [
        "#299c46",
        "rgba(237, 129, 40, 0.89)",
        "#d44a3a"
      ],
      "dashLength": 10,
      "dashes": false,
      "datasource": "$datasource",
      "fill": 1,
      "format": "short",
      "gauge": {
        "maxValue": 100,
        "minValue": 0,
        "show": false,
        "thresholdLabels": false,
        "thresholdMarkers": true
      },
      "gridPos": {
        "h": 3,
        "w": 4,
        "x": 8,
        "y": 4
      },
      "id": 59,
      "interval": null,
      "legend": {
        "avg": false,
        "current": false,
        "max": false,
        "min": false,
        "show": true,
        "total": false,
        "values": false
      },
      "lines": true,
      "linewidth": 1,
      "links": [],
      "mappingType": 1,
      "mappingTypes": [
        {
          "name": "value to text",
          "value": 1
        },
        {
          "name": "range to text",
          "value": 2
        }
      ],
      "maxDataPoints": 100,
      "nullPointMode": "null as zero",
      "nullText": null,
      "options": {},
      "percentage": false,
      "pointradius": 5,
      "points": false,
      "postfix": "",
      "postfixFontSize": "50%",
      "prefix": "",
      "prefixFontSize": "50%",
      "rangeMaps": [
        {
          "from": "null",
          "text": "N/A",
          "to": "null"
        }
      ],
      "renderer": "flot",
      "seriesOverrides": [],
      "spaceLength": 10,
      "sparkline": {
        "fillColor": "rgba(31, 118, 189, 0.18)",
        "full": false,
        "lineColor": "rgb(31, 120, 193)",
        "show": false,
        "ymax": null,
        "ymin": null
      },
      "stack": false,
      "steppedLine": false,
      "tableColumn": "",
      "targets": [
        {
          "expr": "sum(weave_connections{state=\"pending\"})",
          "format": "time_series",
          "hide": false,
          "instant": true,
          "intervalFactor": 2,
          "refId": "A"
        }
      ],
      "thresholds": "1,10",
      "timeFrom": null,
      "timeShift": null,
      "title": "P2P Pending",
      "tooltip": {
        "shared": false,
        "sort": 0,
        "value_type": "individual"
      },
      "type": "singlestat",
      "valueFontSize": "80%",
      "valueMaps": [
        {
          "op": "=",
          "text": "N/A",
          "value": "null"
        }
      ],
      "valueName": "avg",
      "xaxis": {
        "buckets": null,
        "mode": "time",
        "name": null,
        "show": true,
        "values": []
      },
      "yaxes": [
        {
          "format": "short",
          "label": null,
          "logBase": 1,
          "max": null,
          "min": 0,
          "show": true
        },
        {
          "format": "short",
          "label": null,
          "logBase": 1,
          "max": null,
          "min": null,
          "show": false
        }
      ]
    },
    {
      "aliasColors": {},
      "bars": false,
      "cacheTimeout": null,
      "colorBackground": false,
      "colorValue": true,
      "colors": [
        "#299c46",
        "rgba(237, 129, 40, 0.89)",
        "#d44a3a"
      ],
      "dashLength": 10,
      "dashes": false,
      "datasource": "$datasource",
      "fill": 1,
      "format": "short",
      "gauge": {
        "maxValue": 100,
        "minValue": 0,
        "show": false,
        "thresholdLabels": false,
        "thresholdMarkers": true
      },
      "gridPos": {
        "h": 3,
        "w": 4,
        "x": 12,
        "y": 4
      },
      "id": 58,
      "interval": null,
      "legend": {
        "avg": false,
        "current": false,
        "max": false,
        "min": false,
        "show": true,
        "total": false,
        "values": false
      },
      "lines": true,
      "linewidth": 1,
      "links": [],
      "mappingType": 1,
      "mappingTypes": [
        {
          "name": "value to text",
          "value": 1
        },
        {
          "name": "range to text",
          "value": 2
        }
      ],
      "maxDataPoints": 100,
      "nullPointMode": "null as zero",
      "nullText": null,
      "options": {},
      "percentage": false,
      "pointradius": 5,
      "points": false,
      "postfix": "",
      "postfixFontSize": "50%",
      "prefix": "",
      "prefixFontSize": "50%",
      "rangeMaps": [
        {
          "from": "null",
          "text": "N/A",
          "to": "null"
        }
      ],
      "renderer": "flot",
      "seriesOverrides": [],
      "spaceLength": 10,
      "sparkline": {
        "fillColor": "rgba(31, 118, 189, 0.18)",
        "full": false,
        "lineColor": "rgb(31, 120, 193)",
        "show": false,
        "ymax": null,
        "ymin": null
      },
      "stack": false,
      "steppedLine": false,
      "tableColumn": "",
      "targets": [
        {
          "expr": "sum(weave_connections{state=\"failed\"})",
          "format": "time_series",
          "hide": false,
          "instant": true,
          "intervalFactor": 2,
          "refId": "A"
        }
      ],
      "thresholds": "1,10",
      "timeFrom": null,
      "timeShift": null,
      "title": "P2P Failed",
      "tooltip": {
        "shared": false,
        "sort": 0,
        "value_type": "individual"
      },
      "type": "singlestat",
      "valueFontSize": "80%",
      "valueMaps": [
        {
          "op": "=",
          "text": "N/A",
          "value": "null"
        }
      ],
      "valueName": "avg",
      "xaxis": {
        "buckets": null,
        "mode": "time",
        "name": null,
        "show": true,
        "values": []
      },
      "yaxes": [
        {
          "format": "short",
          "label": null,
          "logBase": 1,
          "max": null,
          "min": 0,
          "show": true
        },
        {
          "format": "short",
          "label": null,
          "logBase": 1,
          "max": null,
          "min": null,
          "show": false
        }
      ]
    },
    {
      "aliasColors": {},
      "bars": false,
      "cacheTimeout": null,
      "colorBackground": false,
      "colorPrefix": false,
      "colorValue": true,
      "colors": [
        "#299c46",
        "rgba(237, 129, 40, 0.89)",
        "#d44a3a"
      ],
      "dashLength": 10,
      "dashes": false,
      "datasource": "$datasource",
      "fill": 1,
      "format": "short",
      "gauge": {
        "maxValue": 100,
        "minValue": 0,
        "show": false,
        "thresholdLabels": false,
        "thresholdMarkers": true
      },
      "gridPos": {
        "h": 3,
        "w": 4,
        "x": 16,
        "y": 4
      },
      "id": 60,
      "interval": null,
      "legend": {
        "avg": false,
        "current": false,
        "max": false,
        "min": false,
        "show": true,
        "total": false,
        "values": false
      },
      "lines": true,
      "linewidth": 1,
      "links": [],
      "mappingType": 1,
      "mappingTypes": [
        {
          "name": "value to text",
          "value": 1
        },
        {
          "name": "range to text",
          "value": 2
        }
      ],
      "maxDataPoints": 100,
      "nullPointMode": "null as zero",
      "nullText": null,
      "options": {},
      "percentage": false,
      "pointradius": 5,
      "points": false,
      "postfix": "",
      "postfixFontSize": "50%",
      "prefix": "",
      "prefixFontSize": "50%",
      "rangeMaps": [
        {
          "from": "null",
          "text": "N/A",
          "to": "null"
        }
      ],
      "renderer": "flot",
      "seriesOverrides": [],
      "spaceLength": 10,
      "sparkline": {
        "fillColor": "rgba(31, 118, 189, 0.18)",
        "full": false,
        "lineColor": "rgb(31, 120, 193)",
        "show": false,
        "ymax": null,
        "ymin": null
      },
      "stack": false,
      "steppedLine": false,
      "tableColumn": "",
      "targets": [
        {
          "expr": "sum(weave_connections{state=\"retrying\"})",
          "format": "time_series",
          "hide": false,
          "instant": true,
          "intervalFactor": 2,
          "refId": "A"
        }
      ],
      "thresholds": "1,10",
      "timeFrom": null,
      "timeShift": null,
      "title": "P2P Retrying",
      "tooltip": {
        "shared": false,
        "sort": 0,
        "value_type": "individual"
      },
      "type": "singlestat",
      "valueFontSize": "80%",
      "valueMaps": [
        {
          "op": "=",
          "text": "N/A",
          "value": "null"
        }
      ],
      "valueName": "avg",
      "xaxis": {
        "buckets": null,
        "mode": "time",
        "name": null,
        "show": true,
        "values": []
      },
      "yaxes": [
        {
          "format": "short",
          "label": null,
          "logBase": 1,
          "max": null,
          "min": 0,
          "show": true
        },
        {
          "format": "short",
          "label": null,
          "logBase": 1,
          "max": null,
          "min": null,
          "show": false
        }
      ]
    },
    {
      "collapsed": false,
      "datasource": null,
      "gridPos": {
        "h": 1,
        "w": 24,
        "x": 0,
        "y": 7
      },
      "id": 21,
      "panels": [],
      "repeat": null,
      "title": "IPAM",
      "type": "row"
    },
    {
      "aliasColors": {},
      "bars": false,
      "dashLength": 10,
      "dashes": false,
      "datasource": "$datasource",
      "description": "Percentage of all IP addresses owned by unreachable peers.",
      "fill": 0,
      "fillGradient": 9,
      "gridPos": {
        "h": 5,
        "w": 8,
        "x": 0,
        "y": 8
      },
      "hiddenSeries": false,
      "id": 7,
      "legend": {
        "avg": false,
        "current": false,
        "max": false,
        "min": false,
        "show": false,
        "total": false,
        "values": false
      },
      "lines": true,
      "linewidth": 1,
      "links": [],
      "nullPointMode": "null",
      "options": {
        "dataLinks": []
      },
      "percentage": false,
      "pointradius": 5,
      "points": false,
      "renderer": "flot",
      "seriesOverrides": [],
      "spaceLength": 10,
      "stack": false,
      "steppedLine": false,
      "targets": [
        {
          "expr": "label_replace(weave_ipam_unreachable_percentage, \"node\", \"$1\", \"instance\", \"(.*):.*\")",
          "format": "time_series",
          "hide": false,
          "intervalFactor": 2,
          "legendFormat": "{{node}}",
          "legendLink": null,
          "refId": "A",
          "step": 10
        }
      ],
      "thresholds": [],
      "timeFrom": null,
      "timeRegions": [],
      "timeShift": null,
      "title": "IPAM Unreachable Percentage",
      "tooltip": {
        "shared": true,
        "sort": 2,
        "value_type": "individual"
      },
      "type": "graph",
      "xaxis": {
        "buckets": null,
        "mode": "time",
        "name": null,
        "show": true,
        "values": []
      },
      "yaxes": [
        {
          "format": "percent",
          "label": "",
          "logBase": 1,
          "max": null,
          "min": null,
          "show": true
        },
        {
          "format": "short",
          "label": null,
          "logBase": 1,
          "max": null,
          "min": null,
          "show": false
        }
      ],
      "yaxis": {
        "align": false,
        "alignLevel": null
      }
    },
    {
      "aliasColors": {},
      "bars": false,
      "dashLength": 10,
      "dashes": false,
      "datasource": "$datasource",
      "description": "Number of unreachable peers that own IPAM addresses.",
      "fill": 0,
      "fillGradient": 0,
      "gridPos": {
        "h": 5,
        "w": 8,
        "x": 8,
        "y": 8
      },
      "hiddenSeries": false,
      "id": 35,
      "legend": {
        "avg": false,
        "current": false,
        "max": false,
        "min": false,
        "show": false,
        "total": false,
        "values": false
      },
      "lines": true,
      "linewidth": 1,
      "links": [],
      "nullPointMode": "null",
      "options": {
        "dataLinks": []
      },
      "percentage": false,
      "pointradius": 5,
      "points": false,
      "renderer": "flot",
      "seriesOverrides": [],
      "spaceLength": 10,
      "stack": false,
      "steppedLine": false,
      "targets": [
        {
          "expr": "label_replace(weave_ipam_unreachable_count, \"node\", \"$1\", \"instance\", \"(.*):.*\")",
          "format": "time_series",
          "hide": false,
          "intervalFactor": 2,
          "legendFormat": "{{node}}",
          "legendLink": null,
          "refId": "A",
          "step": 10
        }
      ],
      "thresholds": [],
      "timeFrom": null,
      "timeRegions": [],
      "timeShift": null,
      "title": "IPAM Unreachable Count",
      "tooltip": {
        "shared": true,
        "sort": 2,
        "value_type": "individual"
      },
      "type": "graph",
      "xaxis": {
        "buckets": null,
        "mode": "time",
        "name": null,
        "show": true,
        "values": []
      },
      "yaxes": [
        {
          "format": "short",
          "label": "",
          "logBase": 1,
          "max": null,
          "min": null,
          "show": true
        },
        {
          "format": "short",
          "label": null,
          "logBase": 1,
          "max": null,
          "min": null,
          "show": false
        }
      ],
      "yaxis": {
        "align": false,
        "alignLevel": null
      }
    },
    {
      "aliasColors": {},
      "bars": false,
      "dashLength": 10,
      "dashes": false,
      "datasource": "$datasource",
      "description": " Number of pending claims.",
      "fill": 1,
      "fillGradient": 0,
      "gridPos": {
        "h": 5,
        "w": 8,
        "x": 16,
        "y": 8
      },
      "hiddenSeries": false,
      "id": 36,
      "legend": {
        "avg": false,
        "current": false,
        "max": false,
        "min": false,
        "show": true,
        "total": false,
        "values": false
      },
      "lines": true,
      "linewidth": 1,
      "links": [],
      "nullPointMode": "null",
      "options": {
        "dataLinks": []
      },
      "percentage": false,
      "pointradius": 5,
      "points": false,
      "renderer": "flot",
      "seriesOverrides": [],
      "spaceLength": 10,
      "stack": false,
      "steppedLine": false,
      "targets": [
        {
          "expr": "sum(weave_ipam_pending_allocates)",
          "format": "time_series",
          "hide": false,
          "intervalFactor": 2,
          "legendFormat": "pending allocates",
          "legendLink": null,
          "refId": "A",
          "step": 10
        },
        {
          "expr": "sum(weave_ipam_pending_claims)",
          "format": "time_series",
          "hide": false,
          "intervalFactor": 2,
          "legendFormat": "pending claims",
          "legendLink": null,
          "refId": "B",
          "step": 10
        }
      ],
      "thresholds": [],
      "timeFrom": null,
      "timeRegions": [],
      "timeShift": null,
      "title": "IPAM Pending",
      "tooltip": {
        "shared": true,
        "sort": 2,
        "value_type": "individual"
      },
      "type": "graph",
      "xaxis": {
        "buckets": null,
        "mode": "time",
        "name": null,
        "show": true,
        "values": []
      },
      "yaxes": [
        {
          "decimals": null,
          "format": "short",
          "label": "",
          "logBase": 1,
          "max": null,
          "min": "0",
          "show": true
        },
        {
          "format": "short",
          "label": null,
          "logBase": 1,
          "max": null,
          "min": null,
          "show": false
        }
      ],
      "yaxis": {
        "align": false,
        "alignLevel": null
      }
    },
    {
      "collapsed": false,
      "datasource": null,
      "gridPos": {
        "h": 1,
        "w": 24,
        "x": 0,
        "y": 13
      },
      "id": 41,
      "panels": [],
      "title": "Connections",
      "type": "row"
    },
    {
      "aliasColors": {},
      "bars": false,
      "dashLength": 10,
      "dashes": false,
      "datasource": "$datasource",
      "description": "",
      "fill": 1,
      "fillGradient": 4,
      "gridPos": {
        "h": 7,
        "w": 13,
        "x": 0,
        "y": 14
      },
      "hiddenSeries": false,
      "id": 50,
      "legend": {
        "avg": false,
        "current": false,
        "max": false,
        "min": false,
        "show": false,
        "total": false,
        "values": false
      },
      "lines": true,
      "linewidth": 1,
      "links": [],
      "nullPointMode": "null as zero",
      "options": {
        "dataLinks": []
      },
      "percentage": false,
      "pointradius": 5,
      "points": false,
      "renderer": "flot",
      "seriesOverrides": [],
      "spaceLength": 10,
      "stack": true,
      "steppedLine": false,
      "targets": [
        {
          "expr": "label_replace(weave_flows, \"node\", \"$1\", \"instance\", \"(.*):.*\")",
          "format": "time_series",
          "hide": false,
          "intervalFactor": 2,
          "legendFormat": "{{node}}",
          "legendLink": null,
          "refId": "A",
          "step": 10
        }
      ],
      "thresholds": [],
      "timeFrom": null,
      "timeRegions": [],
      "timeShift": null,
      "title": "Fast DP Flows",
      "tooltip": {
        "shared": true,
        "sort": 2,
        "value_type": "individual"
      },
      "type": "graph",
      "xaxis": {
        "buckets": null,
        "mode": "time",
        "name": null,
        "show": true,
        "values": []
      },
      "yaxes": [
        {
          "format": "short",
          "label": "",
          "logBase": 1,
          "max": null,
          "min": "0",
          "show": true
        },
        {
          "format": "short",
          "label": null,
          "logBase": 1,
          "max": null,
          "min": null,
          "show": false
        }
      ],
      "yaxis": {
        "align": false,
        "alignLevel": null
      }
    },
    {
      "aliasColors": {},
      "bars": false,
      "dashLength": 10,
      "dashes": false,
      "datasource": "$datasource",
      "description": "",
      "fill": 1,
      "fillGradient": 4,
      "gridPos": {
        "h": 7,
        "w": 11,
        "x": 13,
        "y": 14
      },
      "hiddenSeries": false,
      "id": 51,
      "legend": {
        "avg": false,
        "current": false,
        "max": false,
        "min": false,
        "show": false,
        "total": false,
        "values": false
      },
      "lines": true,
      "linewidth": 1,
      "links": [],
      "nullPointMode": "null",
      "options": {
        "dataLinks": []
      },
      "percentage": false,
      "pointradius": 5,
      "points": false,
      "renderer": "flot",
      "seriesOverrides": [],
      "spaceLength": 10,
      "stack": false,
      "steppedLine": false,
      "targets": [
        {
          "expr": "label_replace(rate(weave_connection_terminations_total[5m]), \"node\", \"$1\", \"instance\", \"(.*):.*\") > 0",
          "format": "time_series",
          "hide": false,
          "intervalFactor": 2,
          "legendFormat": "{{node}}",
          "legendLink": null,
          "refId": "A",
          "step": 10
        }
      ],
      "thresholds": [],
      "timeFrom": null,
      "timeRegions": [],
      "timeShift": null,
      "title": "Rate of Terminated Connections",
      "tooltip": {
        "shared": true,
        "sort": 2,
        "value_type": "individual"
      },
      "type": "graph",
      "xaxis": {
        "buckets": null,
        "mode": "time",
        "name": null,
        "show": true,
        "values": []
      },
      "yaxes": [
        {
          "format": "short",
          "label": "",
          "logBase": 1,
          "max": null,
          "min": "0",
          "show": true
        },
        {
          "format": "short",
          "label": null,
          "logBase": 1,
          "max": null,
          "min": null,
          "show": false
        }
      ],
      "yaxis": {
        "align": false,
        "alignLevel": null
      }
    },
    {
      "aliasColors": {},
      "bars": false,
      "dashLength": 10,
      "dashes": false,
      "datasource": "$datasource",
      "description": "",
      "fill": 1,
      "fillGradient": 4,
      "gridPos": {
        "h": 7,
        "w": 8,
        "x": 0,
        "y": 21
      },
      "hiddenSeries": false,
      "id": 55,
      "legend": {
        "avg": false,
        "current": false,
        "max": false,
        "min": false,
        "show": false,
        "total": false,
        "values": false
      },
      "lines": true,
      "linewidth": 1,
      "links": [],
      "nullPointMode": "null",
      "options": {
        "dataLinks": []
      },
      "percentage": false,
      "pointradius": 5,
      "points": false,
      "renderer": "flot",
      "seriesOverrides": [],
      "spaceLength": 10,
      "stack": false,
      "steppedLine": false,
      "targets": [
        {
          "expr": "sum(weave_connections{state=\"established\"})",
          "format": "time_series",
          "hide": false,
          "intervalFactor": 2,
          "legendFormat": "connections established",
          "legendLink": null,
          "refId": "A",
          "step": 10
        }
      ],
      "thresholds": [],
      "timeFrom": null,
      "timeRegions": [],
      "timeShift": null,
      "title": "P2P / Established",
      "tooltip": {
        "shared": true,
        "sort": 2,
        "value_type": "individual"
      },
      "type": "graph",
      "xaxis": {
        "buckets": null,
        "mode": "time",
        "name": null,
        "show": true,
        "values": []
      },
      "yaxes": [
        {
          "format": "short",
          "label": "",
          "logBase": 1,
          "max": null,
          "min": "0",
          "show": true
        },
        {
          "format": "short",
          "label": null,
          "logBase": 1,
          "max": null,
          "min": null,
          "show": false
        }
      ],
      "yaxis": {
        "align": false,
        "alignLevel": null
      }
    },
    {
      "aliasColors": {},
      "bars": false,
      "dashLength": 10,
      "dashes": false,
      "datasource": "$datasource",
      "description": "",
      "fill": 1,
      "fillGradient": 4,
      "gridPos": {
        "h": 7,
        "w": 8,
        "x": 8,
        "y": 21
      },
      "hiddenSeries": false,
      "id": 52,
      "legend": {
        "avg": false,
        "current": false,
        "max": false,
        "min": false,
        "show": false,
        "total": false,
        "values": false
      },
      "lines": true,
      "linewidth": 1,
      "links": [],
      "nullPointMode": "null",
      "options": {
        "dataLinks": []
      },
      "percentage": false,
      "pointradius": 5,
      "points": false,
      "renderer": "flot",
      "seriesOverrides": [],
      "spaceLength": 10,
      "stack": false,
      "steppedLine": false,
      "targets": [
        {
          "expr": "sum(weave_connections{state=\"connecting\"})",
          "format": "time_series",
          "hide": false,
          "intervalFactor": 2,
          "legendFormat": "connections connecting",
          "legendLink": null,
          "refId": "A",
          "step": 10
        }
      ],
      "thresholds": [],
      "timeFrom": null,
      "timeRegions": [],
      "timeShift": null,
      "title": "P2P / Connecting",
      "tooltip": {
        "shared": true,
        "sort": 2,
        "value_type": "individual"
      },
      "type": "graph",
      "xaxis": {
        "buckets": null,
        "mode": "time",
        "name": null,
        "show": true,
        "values": []
      },
      "yaxes": [
        {
          "format": "short",
          "label": "",
          "logBase": 1,
          "max": null,
          "min": "0",
          "show": true
        },
        {
          "format": "short",
          "label": null,
          "logBase": 1,
          "max": null,
          "min": null,
          "show": false
        }
      ],
      "yaxis": {
        "align": false,
        "alignLevel": null
      }
    },
    {
      "aliasColors": {},
      "bars": false,
      "dashLength": 10,
      "dashes": false,
      "datasource": "$datasource",
      "description": "",
      "fill": 1,
      "fillGradient": 4,
      "gridPos": {
        "h": 7,
        "w": 8,
        "x": 16,
        "y": 21
      },
      "hiddenSeries": false,
      "id": 54,
      "legend": {
        "avg": false,
        "current": false,
        "max": false,
        "min": false,
        "show": false,
        "total": false,
        "values": false
      },
      "lines": true,
      "linewidth": 1,
      "links": [],
      "nullPointMode": "null",
      "options": {
        "dataLinks": []
      },
      "percentage": false,
      "pointradius": 5,
      "points": false,
      "renderer": "flot",
      "seriesOverrides": [],
      "spaceLength": 10,
      "stack": false,
      "steppedLine": false,
      "targets": [
        {
          "expr": "sum(weave_connections{state=\"pending\"})",
          "format": "time_series",
          "hide": false,
          "intervalFactor": 2,
          "legendFormat": "pending connections",
          "legendLink": null,
          "refId": "A",
          "step": 10
        }
      ],
      "thresholds": [],
      "timeFrom": null,
      "timeRegions": [],
      "timeShift": null,
      "title": "P2P / Pending",
      "tooltip": {
        "shared": true,
        "sort": 2,
        "value_type": "individual"
      },
      "type": "graph",
      "xaxis": {
        "buckets": null,
        "mode": "time",
        "name": null,
        "show": true,
        "values": []
      },
      "yaxes": [
        {
          "format": "short",
          "label": "",
          "logBase": 1,
          "max": null,
          "min": "0",
          "show": true
        },
        {
          "format": "short",
          "label": null,
          "logBase": 1,
          "max": null,
          "min": null,
          "show": false
        }
      ],
      "yaxis": {
        "align": false,
        "alignLevel": null
      }
    },
    {
      "aliasColors": {},
      "bars": false,
      "dashLength": 10,
      "dashes": false,
      "datasource": "$datasource",
      "description": "",
      "fill": 1,
      "fillGradient": 4,
      "gridPos": {
        "h": 7,
        "w": 8,
        "x": 0,
        "y": 28
      },
      "hiddenSeries": false,
      "id": 67,
      "legend": {
        "avg": false,
        "current": false,
        "max": false,
        "min": false,
        "show": true,
        "total": false,
        "values": false
      },
      "lines": true,
      "linewidth": 1,
      "links": [],
      "nullPointMode": "null",
      "options": {
        "dataLinks": []
      },
      "percentage": false,
      "pointradius": 5,
      "points": false,
      "renderer": "flot",
      "seriesOverrides": [],
      "spaceLength": 10,
      "stack": false,
      "steppedLine": false,
      "targets": [
        {
          "expr": "sum(weave_connections{state=\"retrying\"})",
          "format": "time_series",
          "hide": false,
          "intervalFactor": 2,
          "legendFormat": "retrying connections",
          "legendLink": null,
          "refId": "A",
          "step": 10
        }
      ],
      "thresholds": [],
      "timeFrom": null,
      "timeRegions": [],
      "timeShift": null,
      "title": "P2P / Retrying",
      "tooltip": {
        "shared": true,
        "sort": 2,
        "value_type": "individual"
      },
      "type": "graph",
      "xaxis": {
        "buckets": null,
        "mode": "time",
        "name": null,
        "show": true,
        "values": []
      },
      "yaxes": [
        {
          "format": "short",
          "label": "",
          "logBase": 1,
          "max": null,
          "min": "0",
          "show": true
        },
        {
          "format": "short",
          "label": null,
          "logBase": 1,
          "max": null,
          "min": null,
          "show": false
        }
      ],
      "yaxis": {
        "align": false,
        "alignLevel": null
      }
    },
    {
      "aliasColors": {},
      "bars": false,
      "dashLength": 10,
      "dashes": false,
      "datasource": "$datasource",
      "description": "",
      "fill": 1,
      "fillGradient": 4,
      "gridPos": {
        "h": 7,
        "w": 16,
        "x": 8,
        "y": 28
      },
      "hiddenSeries": false,
      "id": 53,
      "legend": {
        "avg": false,
        "current": false,
        "max": false,
        "min": false,
        "show": true,
        "total": false,
        "values": false
      },
      "lines": true,
      "linewidth": 1,
      "links": [],
      "nullPointMode": "null",
      "options": {
        "dataLinks": []
      },
      "percentage": false,
      "pointradius": 5,
      "points": false,
      "renderer": "flot",
      "seriesOverrides": [],
      "spaceLength": 10,
      "stack": false,
      "steppedLine": false,
      "targets": [
        {
          "expr": "sum(weave_connections{state=\"failed\"})",
          "format": "time_series",
          "hide": false,
          "intervalFactor": 2,
          "legendFormat": "failed connections",
          "legendLink": null,
          "refId": "A",
          "step": 10
        }
      ],
      "thresholds": [],
      "timeFrom": null,
      "timeRegions": [],
      "timeShift": null,
      "title": "P2P / Failed",
      "tooltip": {
        "shared": true,
        "sort": 2,
        "value_type": "individual"
      },
      "type": "graph",
      "xaxis": {
        "buckets": null,
        "mode": "time",
        "name": null,
        "show": true,
        "values": []
      },
      "yaxes": [
        {
          "format": "short",
          "label": "",
          "logBase": 1,
          "max": null,
          "min": "0",
          "show": true
        },
        {
          "format": "short",
          "label": null,
          "logBase": 1,
          "max": null,
          "min": null,
          "show": false
        }
      ],
      "yaxis": {
        "align": false,
        "alignLevel": null
      }
    },
    {
      "columns": [],
      "datasource": "$datasource",
      "description": "",
      "fontSize": "100%",
      "gridPos": {
        "h": 10,
        "w": 6,
        "x": 0,
        "y": 35
      },
      "id": 46,
      "interval": "",
      "options": {},
      "pageSize": null,
      "pluginVersion": "6.6.0",
      "showHeader": true,
      "sort": {
        "col": 0,
        "desc": true
      },
      "styles": [
        {
          "alias": "Time",
          "align": "auto",
          "dateFormat": "YYYY-MM-DD HH:mm:ss",
          "pattern": "Time",
          "type": "hidden"
        },
        {
          "alias": "Node",
          "align": "left",
          "colorMode": null,
          "colors": [
            "rgba(245, 54, 54, 0.9)",
            "rgba(237, 129, 40, 0.89)",
            "rgba(50, 172, 45, 0.97)"
          ],
          "dateFormat": "YYYY-MM-DD HH:mm:ss",
          "decimals": 2,
          "mappingType": 1,
          "pattern": "Metric",
          "thresholds": [],
          "type": "number",
          "unit": "short"
        },
        {
          "alias": "Established",
          "align": "left",
          "colorMode": null,
          "colors": [
            "rgba(245, 54, 54, 0.9)",
            "rgba(237, 129, 40, 0.89)",
            "rgba(50, 172, 45, 0.97)"
          ],
          "decimals": 0,
          "pattern": "Value",
          "thresholds": [],
          "type": "number",
          "unit": "short"
        }
      ],
      "targets": [
        {
          "expr": "sort(label_replace(weave_connections{state=\"established\"}, \"node_ip\", \"$1\", \"instance\", \"(.*):.*\"))",
          "format": "time_series",
          "hide": false,
          "instant": true,
          "legendFormat": "{{node_ip}}",
          "refId": "A"
        }
      ],
      "timeFrom": null,
      "timeShift": null,
      "title": "P2P / Established",
      "transform": "timeseries_to_rows",
      "type": "table"
    },
    {
      "columns": [],
      "datasource": "$datasource",
      "description": "",
      "fontSize": "100%",
      "gridPos": {
        "h": 10,
        "w": 6,
        "x": 6,
        "y": 35
      },
      "id": 63,
      "interval": "",
      "options": {},
      "pageSize": null,
      "pluginVersion": "6.6.0",
      "showHeader": true,
      "sort": {
        "col": 0,
        "desc": true
      },
      "styles": [
        {
          "alias": "Time",
          "align": "auto",
          "dateFormat": "YYYY-MM-DD HH:mm:ss",
          "pattern": "Time",
          "type": "hidden"
        },
        {
          "alias": "Node",
          "align": "left",
          "colorMode": null,
          "colors": [
            "rgba(245, 54, 54, 0.9)",
            "rgba(237, 129, 40, 0.89)",
            "rgba(50, 172, 45, 0.97)"
          ],
          "dateFormat": "YYYY-MM-DD HH:mm:ss",
          "decimals": 2,
          "mappingType": 1,
          "pattern": "Metric",
          "thresholds": [],
          "type": "number",
          "unit": "short"
        },
        {
          "alias": "Connecting",
          "align": "left",
          "colorMode": null,
          "colors": [
            "rgba(245, 54, 54, 0.9)",
            "rgba(237, 129, 40, 0.89)",
            "rgba(50, 172, 45, 0.97)"
          ],
          "decimals": 0,
          "pattern": "Value",
          "thresholds": [],
          "type": "number",
          "unit": "short"
        }
      ],
      "targets": [
        {
          "expr": "sort(label_replace(weave_connections{state=\"connecting\"}, \"node_ip\", \"$1\", \"instance\", \"(.*):.*\"))",
          "format": "time_series",
          "hide": false,
          "instant": true,
          "legendFormat": "{{node_ip}}",
          "refId": "A"
        }
      ],
      "timeFrom": null,
      "timeShift": null,
      "title": "P2P / Connecting",
      "transform": "timeseries_to_rows",
      "type": "table"
    },
    {
      "columns": [],
      "datasource": "$datasource",
      "description": "",
      "fontSize": "100%",
      "gridPos": {
        "h": 10,
        "w": 6,
        "x": 12,
        "y": 35
      },
      "id": 64,
      "interval": "",
      "options": {},
      "pageSize": null,
      "pluginVersion": "6.6.0",
      "showHeader": true,
      "sort": {
        "col": 0,
        "desc": true
      },
      "styles": [
        {
          "alias": "Time",
          "align": "auto",
          "dateFormat": "YYYY-MM-DD HH:mm:ss",
          "pattern": "Time",
          "type": "hidden"
        },
        {
          "alias": "Node",
          "align": "left",
          "colorMode": null,
          "colors": [
            "rgba(245, 54, 54, 0.9)",
            "rgba(237, 129, 40, 0.89)",
            "rgba(50, 172, 45, 0.97)"
          ],
          "dateFormat": "YYYY-MM-DD HH:mm:ss",
          "decimals": 2,
          "mappingType": 1,
          "pattern": "Metric",
          "thresholds": [],
          "type": "number",
          "unit": "short"
        },
        {
          "alias": "Pending",
          "align": "left",
          "colorMode": null,
          "colors": [
            "rgba(245, 54, 54, 0.9)",
            "rgba(237, 129, 40, 0.89)",
            "rgba(50, 172, 45, 0.97)"
          ],
          "decimals": 0,
          "pattern": "Value",
          "thresholds": [],
          "type": "number",
          "unit": "short"
        }
      ],
      "targets": [
        {
          "expr": "sort(label_replace(weave_connections{state=\"pending\"}, \"node_ip\", \"$1\", \"instance\", \"(.*):.*\"))",
          "format": "time_series",
          "hide": false,
          "instant": true,
          "legendFormat": "{{node_ip}}",
          "refId": "A"
        }
      ],
      "timeFrom": null,
      "timeShift": null,
      "title": "P2P / Pending",
      "transform": "timeseries_to_rows",
      "type": "table"
    },
    {
      "columns": [],
      "datasource": "$datasource",
      "description": "",
      "fontSize": "100%",
      "gridPos": {
        "h": 10,
        "w": 6,
        "x": 18,
        "y": 35
      },
      "id": 65,
      "interval": "",
      "options": {},
      "pageSize": null,
      "pluginVersion": "6.6.0",
      "showHeader": true,
      "sort": {
        "col": 0,
        "desc": true
      },
      "styles": [
        {
          "alias": "Time",
          "align": "auto",
          "dateFormat": "YYYY-MM-DD HH:mm:ss",
          "pattern": "Time",
          "type": "hidden"
        },
        {
          "alias": "Node",
          "align": "left",
          "colorMode": null,
          "colors": [
            "rgba(245, 54, 54, 0.9)",
            "rgba(237, 129, 40, 0.89)",
            "rgba(50, 172, 45, 0.97)"
          ],
          "dateFormat": "YYYY-MM-DD HH:mm:ss",
          "decimals": 2,
          "mappingType": 1,
          "pattern": "Metric",
          "thresholds": [],
          "type": "number",
          "unit": "short"
        },
        {
          "alias": "Failed",
          "align": "left",
          "colorMode": null,
          "colors": [
            "rgba(245, 54, 54, 0.9)",
            "rgba(237, 129, 40, 0.89)",
            "rgba(50, 172, 45, 0.97)"
          ],
          "decimals": 0,
          "pattern": "Value",
          "thresholds": [],
          "type": "number",
          "unit": "short"
        }
      ],
      "targets": [
        {
          "expr": "sort(label_replace(weave_connections{state=\"failed\"}, \"node_ip\", \"$1\", \"instance\", \"(.*):.*\"))",
          "format": "time_series",
          "hide": false,
          "instant": true,
          "legendFormat": "{{node_ip}}",
          "refId": "A"
        }
      ],
      "timeFrom": null,
      "timeShift": null,
      "title": "P2P / Failed",
      "transform": "timeseries_to_rows",
      "type": "table"
    },
    {
      "columns": [],
      "datasource": "$datasource",
      "description": "",
      "fontSize": "100%",
      "gridPos": {
        "h": 10,
        "w": 6,
        "x": 0,
        "y": 45
      },
      "id": 66,
      "interval": "",
      "options": {},
      "pageSize": null,
      "pluginVersion": "6.6.0",
      "showHeader": true,
      "sort": {
        "col": 0,
        "desc": true
      },
      "styles": [
        {
          "alias": "Time",
          "align": "auto",
          "dateFormat": "YYYY-MM-DD HH:mm:ss",
          "pattern": "Time",
          "type": "hidden"
        },
        {
          "alias": "Node",
          "align": "left",
          "colorMode": null,
          "colors": [
            "rgba(245, 54, 54, 0.9)",
            "rgba(237, 129, 40, 0.89)",
            "rgba(50, 172, 45, 0.97)"
          ],
          "dateFormat": "YYYY-MM-DD HH:mm:ss",
          "decimals": 2,
          "mappingType": 1,
          "pattern": "Metric",
          "thresholds": [],
          "type": "number",
          "unit": "short"
        },
        {
          "alias": "Retrying",
          "align": "left",
          "colorMode": null,
          "colors": [
            "rgba(245, 54, 54, 0.9)",
            "rgba(237, 129, 40, 0.89)",
            "rgba(50, 172, 45, 0.97)"
          ],
          "decimals": 0,
          "pattern": "Value",
          "thresholds": [],
          "type": "number",
          "unit": "short"
        }
      ],
      "targets": [
        {
          "expr": "sort_desc(label_replace(weave_connections{state=\"retrying\"}, \"node_ip\", \"$1\", \"instance\", \"(.*):.*\"))",
          "format": "time_series",
          "hide": false,
          "instant": true,
          "legendFormat": "{{node_ip}}",
          "refId": "A"
        }
      ],
      "timeFrom": null,
      "timeShift": null,
      "title": "P2P / Retrying",
      "transform": "timeseries_to_rows",
      "type": "table"
    },
    {
      "columns": [],
      "datasource": "$datasource",
      "description": "",
      "fontSize": "100%",
      "gridPos": {
        "h": 10,
        "w": 6,
        "x": 6,
        "y": 45
      },
      "id": 44,
      "interval": "",
      "options": {},
      "pageSize": null,
      "pluginVersion": "6.6.0",
      "showHeader": true,
      "sort": {
        "col": 2,
        "desc": false
      },
      "styles": [
        {
          "alias": "Time",
          "align": "auto",
          "dateFormat": "YYYY-MM-DD HH:mm:ss",
          "pattern": "Time",
          "type": "hidden"
        },
        {
          "alias": "Node",
          "align": "left",
          "colorMode": null,
          "colors": [
            "rgba(245, 54, 54, 0.9)",
            "rgba(237, 129, 40, 0.89)",
            "rgba(50, 172, 45, 0.97)"
          ],
          "dateFormat": "YYYY-MM-DD HH:mm:ss",
          "decimals": 2,
          "mappingType": 1,
          "pattern": "Metric",
          "thresholds": [],
          "type": "number",
          "unit": "short"
        },
        {
          "alias": "Fast DP Flows",
          "align": "left",
          "colorMode": null,
          "colors": [
            "rgba(245, 54, 54, 0.9)",
            "rgba(237, 129, 40, 0.89)",
            "rgba(50, 172, 45, 0.97)"
          ],
          "decimals": 2,
          "pattern": "Value",
          "thresholds": [],
          "type": "number",
          "unit": "short"
        }
      ],
      "targets": [
        {
          "expr": "sort_desc(label_replace(weave_flows, \"node_ip\", \"$1\", \"instance\", \"(.*):.*\"))",
          "format": "time_series",
          "hide": false,
          "instant": true,
          "legendFormat": "{{node_ip}}",
          "refId": "A"
        }
      ],
      "timeFrom": null,
      "timeShift": null,
      "title": "Fast DP Flows (Current)",
      "transform": "timeseries_to_rows",
      "type": "table"
    },
    {
      "columns": [],
      "datasource": "$datasource",
      "description": "",
      "fontSize": "100%",
      "gridPos": {
        "h": 10,
        "w": 6,
        "x": 12,
        "y": 45
      },
      "id": 45,
      "interval": "",
      "options": {},
      "pageSize": null,
      "pluginVersion": "6.6.0",
      "showHeader": true,
      "sort": {
        "col": 0,
        "desc": true
      },
      "styles": [
        {
          "alias": "Time",
          "align": "auto",
          "dateFormat": "YYYY-MM-DD HH:mm:ss",
          "pattern": "Time",
          "type": "hidden"
        },
        {
          "alias": "Node",
          "align": "left",
          "colorMode": null,
          "colors": [
            "rgba(245, 54, 54, 0.9)",
            "rgba(237, 129, 40, 0.89)",
            "rgba(50, 172, 45, 0.97)"
          ],
          "dateFormat": "YYYY-MM-DD HH:mm:ss",
          "decimals": 2,
          "mappingType": 1,
          "pattern": "Metric",
          "thresholds": [],
          "type": "number",
          "unit": "short"
        },
        {
          "alias": "No. of Pods",
          "align": "left",
          "colorMode": null,
          "colors": [
            "rgba(245, 54, 54, 0.9)",
            "rgba(237, 129, 40, 0.89)",
            "rgba(50, 172, 45, 0.97)"
          ],
          "decimals": 0,
          "pattern": "Value",
          "thresholds": [],
          "type": "number",
          "unit": "short"
        }
      ],
      "targets": [
        {
          "expr": "sort_desc(floor(label_replace(max by(node) (max by(instance) (kubelet_running_pod_count{job=\"kubelet\",metrics_path=\"/metrics\"}) * on(instance) group_left(node) kubelet_node_name{job=\"kubelet\",metrics_path=\"/metrics\"}) / max by(node) (kube_node_status_capacity_pods{job=\"kube-state-metrics\"}) , \"node_ip\", \"$1.$2.$3.$4\", \"node\", \"^ip-([0-9]+)-([0-9]+)-([0-9]+)-([0-9]+).*$\") * 100))",
          "format": "time_series",
          "hide": false,
          "instant": true,
          "legendFormat": "{{node_ip}}",
          "refId": "A"
        }
      ],
      "timeFrom": null,
      "timeShift": null,
      "title": "Pods Per Node (Current)",
      "transform": "timeseries_to_rows",
      "type": "table"
    },
    {
      "columns": [],
      "datasource": "$datasource",
      "description": "",
      "fontSize": "100%",
      "gridPos": {
        "h": 10,
        "w": 6,
        "x": 18,
        "y": 45
      },
      "id": 47,
      "interval": "",
      "options": {},
      "pageSize": null,
      "pluginVersion": "6.6.0",
      "showHeader": true,
      "sort": {
        "col": 2,
        "desc": false
      },
      "styles": [
        {
          "alias": "Time",
          "align": "auto",
          "dateFormat": "YYYY-MM-DD HH:mm:ss",
          "pattern": "Time",
          "type": "hidden"
        },
        {
          "alias": "Node",
          "align": "left",
          "colorMode": null,
          "colors": [
            "rgba(245, 54, 54, 0.9)",
            "rgba(237, 129, 40, 0.89)",
            "rgba(50, 172, 45, 0.97)"
          ],
          "dateFormat": "YYYY-MM-DD HH:mm:ss",
          "decimals": 2,
          "mappingType": 1,
          "pattern": "Metric",
          "thresholds": [],
          "type": "number",
          "unit": "short"
        },
        {
          "alias": "Terminated",
          "align": "left",
          "colorMode": null,
          "colors": [
            "rgba(245, 54, 54, 0.9)",
            "rgba(237, 129, 40, 0.89)",
            "rgba(50, 172, 45, 0.97)"
          ],
          "decimals": 0,
          "pattern": "Value",
          "thresholds": [],
          "type": "number",
          "unit": "short"
        }
      ],
      "targets": [
        {
          "expr": "sort(label_replace(increase(weave_connection_terminations_total[1m]), \"node_ip\", \"$1\", \"instance\", \"(.*):.*\")) != 0",
          "format": "time_series",
          "hide": false,
          "instant": true,
          "legendFormat": "{{node_ip}}",
          "refId": "A"
        }
      ],
      "timeFrom": null,
      "timeShift": null,
      "title": "Peer To Peer Connections Terminated",
      "transform": "timeseries_to_rows",
      "type": "table"
    }
  ],
  "refresh": "10s",
  "schemaVersion": 22,
  "style": "dark",
  "tags": [
    "practo-managed"
  ],
  "templating": {
    "list": [
      {
        "current": {
          "text": "prometheus",
          "value": "prometheus"
        },
        "hide": 0,
        "includeAll": false,
        "label": null,
        "multi": false,
        "name": "datasource",
        "options": [],
        "query": "prometheus",
        "refresh": 1,
        "regex": "",
        "skipUrlSync": false,
        "type": "datasource"
      },
      {
        "allValue": null,
        "current": {},
        "datasource": "$datasource",
        "definition": "",
        "hide": 2,
        "includeAll": false,
        "label": "cluster",
        "multi": false,
        "name": "cluster",
        "options": [],
        "query": "label_values(node_cpu_seconds_total, cluster)",
        "refresh": 1,
        "regex": "",
        "skipUrlSync": false,
        "sort": 2,
        "tagValuesQuery": "",
        "tags": [],
        "tagsQuery": "",
        "type": "query",
        "useTags": false
      },
      {
        "allValue": null,
        "auto": false,
        "auto_count": 30,
        "auto_min": "10s",
        "current": {
          "selected": false,
          "text": "4h",
          "value": "4h"
        },
        "datasource": "$datasource",
        "hide": 2,
        "includeAll": false,
        "label": null,
        "multi": false,
        "name": "interval",
        "options": [
          {
            "selected": true,
            "text": "4h",
            "value": "4h"
          }
        ],
        "query": "4h",
        "refresh": 2,
        "regex": "",
        "skipUrlSync": false,
        "sort": 1,
        "tagValuesQuery": "",
        "tags": [],
        "tagsQuery": "",
        "type": "interval",
        "useTags": false
      }
    ]
  },
  "time": {
    "from": "now-12h",
    "to": "now"
  },
  "timepicker": {
    "refresh_intervals": [
      "5s",
      "10s",
      "30s",
      "1m",
      "5m",
      "15m",
      "30m",
      "1h",
      "2h",
      "1d"
    ],
    "time_options": [
      "5m",
      "15m",
      "1h",
      "6h",
      "12h",
      "24h",
      "2d",
      "7d",
      "30d"
    ]
  },
  "timezone": "",
  "title": "WeaveNet (Cluster)",
  "uid": "voS3tW_Zk",
  "version": 9
}
